{"val_loss": [0.6912680638247523, 0.686862839912546, 0.6825393997389695, 0.6783844487420444, 0.6743865276205129, 0.6703762642268477], "val_acc": [0.5237684714383093, 0.5487684882920364, 0.5779556821132529, 0.6028325043875595, 0.62672415026303, 0.643103460196791], "loss": [0.6926108526901589, 0.688031257212118, 0.6836532202369622, 0.6793562099833181, 0.6751541014697405, 0.671148936394313], "acc": [0.5113504379657314, 0.5403864425989053, 0.5688945221090352, 0.5936543050732158, 0.6173054589136212, 0.639478408708805]}