{"val_loss": [11.214939291423857, 11.192742329661488, 11.17090859963028, 11.149961533932185, 11.129619178181056, 11.109611379915588, 11.0900697576815, 11.071015556584948, 11.052433458745172, 11.03396430155086, 11.016104644013764, 10.998640006257416, 10.9815132301974, 10.96442688434752, 10.947831163718245, 10.931449348462838, 10.915517875947147, 10.899843051798783, 10.883940983967609, 10.868658448250487, 10.85378002422812, 10.838719591216254, 10.824144534112664, 10.809681723327111, 10.795348178909485, 10.781255083527293, 10.767427689031972, 10.753717909991844, 10.740402600851404, 10.72722242292972, 10.714164533631527], "val_acc": [0.12564543868044772, 0.14457831344536784, 0.151462994554367, 0.16523235772132053, 0.18244406215449002, 0.1876075729317386, 0.20137693650905114, 0.21858864053186164, 0.2289156629070768, 0.23235800369881518, 0.23235800328845616, 0.22375215130911022, 0.2271944921008486, 0.2254733217049794, 0.2254733221153384, 0.23407917409468434, 0.23235800328845616, 0.23407917368432535, 0.2289156624967178, 0.2271944925112076, 0.2254733216408608, 0.2254733216408608, 0.2254733216408608, 0.22719449203673, 0.22719449203673, 0.2254733216408608, 0.22375215124499162, 0.22375215124499162, 0.22375215124499162, 0.22203098084912243, 0.22030981045325324], "loss": [11.161658411808395, 11.13528897862741, 11.11123484113176, 11.087411638726504, 11.063604774249542, 11.041052952221563, 11.019182547761702, 10.997469537626436, 10.976268490596075, 10.95567807636698, 10.935533662416807, 10.915757158819341, 10.896295806873487, 10.87763076875268, 10.85863864501141, 10.840454443419148, 10.822320057036519, 10.80457164161045, 10.787342705201503, 10.769942471122883, 10.752947161661107, 10.736483017074912, 10.720035213941305, 10.703763241426026, 10.688015418324044, 10.67205432389986, 10.656392288489952, 10.641278509378257, 10.62605107738103, 10.611147951744965, 10.59675381682312], "acc": [0.11012564666695887, 0.13747228373665327, 0.15373244636030614, 0.16777531401765672, 0.17812269027375857, 0.19364375456429725, 0.2002956392429356, 0.2150776048148903, 0.22099039162297823, 0.22025129373040098, 0.23059866953495248, 0.2372505546321009, 0.24538063591088705, 0.24981522534788755, 0.2520325198185858, 0.2542498155338008, 0.252771618933653, 0.2549889142083311, 0.25572801169341175, 0.254988913789821, 0.2505543236149212, 0.2512934219260085, 0.24759793045867926, 0.246119733847518, 0.24538063551440384, 0.24538063551440384, 0.2453806359329139, 0.24464153721432993, 0.2446415372583836, 0.24538063630737028, 0.24316334101066533]}