{"val_loss": [0.6941932153578675, 0.6898424426372614, 0.6855752422969641, 0.6814540897507265, 0.6774661151144057, 0.6735103129314679], "val_acc": [0.5106958176511085, 0.5355298757142741, 0.5583968570843826, 0.582493255039911, 0.6043766803667591, 0.6231866173202528], "loss": [0.695763973553623, 0.6909752287251457, 0.686426639953368, 0.6819940625696119, 0.6776294358465642, 0.6734649040746583], "acc": [0.49931368859538483, 0.524707018624212, 0.5533734563977649, 0.5816703522460864, 0.605743863498028, 0.625646728678095]}