{"val_loss": [10.953344463276165, 10.928362091313952, 10.904222150267504, 10.88095186171146, 10.858116271368608, 10.835928641169904, 10.81421342938369, 10.793247106358434, 10.772717594074505, 10.752639264945524, 10.732849229428526, 10.713939568261887, 10.695077620356916, 10.676990335040987, 10.658582020954913, 10.641135801751929, 10.623502906956894, 10.606565145535232, 10.589848175311458, 10.573530369494335, 10.557433395911001, 10.541427558137299, 10.525839789188668, 10.510495414011654, 10.495300404586398, 10.480650901794434, 10.465931527996228, 10.451470586806279, 10.437386340405567, 10.423146008214113, 10.409273185336035, 10.395585365426726, 10.382355235324669, 10.368949249976678, 10.355720784290728, 10.342880445995757, 10.330253433647746, 10.31776001941727, 10.305513477161297, 10.293389349919384, 10.281517224139478, 10.269768769072174, 10.258220675890295, 10.246709401759347, 10.235578679792237, 10.224524781954267, 10.213559749819941, 10.20277736519372, 10.192305042903723, 10.18180153004684], "val_acc": [0.10499139393001744, 0.1118760759879718, 0.12220309788870934, 0.1273666094866759, 0.13769363186189107, 0.14285714263913965, 0.15490533506398357, 0.1669535278350679, 0.17555938035301005, 0.17383820954678186, 0.18416523233235602, 0.1876075735344534, 0.19277108472206095, 0.19449225511793014, 0.19965576630553772, 0.20826161787452468, 0.2065404474786555, 0.2030981066869171, 0.20137693629104791, 0.19965576589517872, 0.20826161787452468, 0.20826161787452468, 0.2065404474786555, 0.2065404474786555, 0.2065404474786555, 0.2048192770827863, 0.21514629945800146, 0.21170395866626307, 0.21342512906213226, 0.21342512947249126, 0.21170395907662207, 0.21514629945800146, 0.21514629986836045, 0.21514629986836045, 0.21686747026422964, 0.21514629986836045, 0.21514629986836045, 0.21342512947249126, 0.21342512947249126, 0.21342512947249126, 0.21342512947249126, 0.21342512947249126, 0.21342512947249126, 0.21170395907662207, 0.20998278868075287, 0.20998278868075287, 0.20826161828488368, 0.21170395907662207, 0.20998278868075287, 0.20998278868075287], "loss": [11.209958450052357, 11.182284627944032, 11.156434879599018, 11.130891656135509, 11.106086357381725, 11.082234719552028, 11.0589111748221, 11.03593832496705, 11.013899063059602, 10.992095288222398, 10.970732811549286, 10.949572873309377, 10.929489271075129, 10.909155567927618, 10.889955165380913, 10.870361643901862, 10.851674817177603, 10.83316737003707, 10.814751284614106, 10.796688442131545, 10.779176611241287, 10.761896963746832, 10.744628433289567, 10.728006976847286, 10.711566033402109, 10.69499590550188, 10.679291380482608, 10.663453042198796, 10.647817018907862, 10.632477574232148, 10.617244561160835, 10.602366589125403, 10.58743654139731, 10.57310403371333, 10.55883499999797, 10.54456367196635, 10.530526338818332, 10.517001878748271, 10.50341972737337, 10.490110740605232, 10.476846443311603, 10.46391886424243, 10.451046790005275, 10.438544883784417, 10.425912441893674, 10.413709962623523, 10.40177217555416, 10.389701157433848, 10.378098203090941, 10.366390814009367], "acc": [0.08647450107560718, 0.10051736915146785, 0.1093865483834051, 0.11973392455690628, 0.13747228375868012, 0.14708056168166778, 0.1507760535454803, 0.16260162595017963, 0.1744271991478454, 0.18625277193801454, 0.19216555834961924, 0.1951219511809652, 0.20251293415417077, 0.20842572055476202, 0.21064301584045356, 0.21655580223003143, 0.2158167035444877, 0.21433850693332646, 0.21581670352246085, 0.22172948993406558, 0.22246858860859586, 0.22690317802356952, 0.23059866952393906, 0.22912047292379123, 0.22912047334230132, 0.22616408016403253, 0.221729489945079, 0.22172948993406558, 0.2224685886306227, 0.22172949034156222, 0.2195121954523539, 0.21729490054111875, 0.21655580141503813, 0.21729490008956842, 0.21655580181152134, 0.2150776056298836, 0.2143385069443399, 0.2143385073298097, 0.2135994086112257, 0.21286030989264174, 0.21138211375505767, 0.2091648188217957, 0.2091648188217957, 0.20990391754037965, 0.2091648188328091, 0.2099039171218696, 0.20694752430704375, 0.20620842563251346, 0.20694752392157395, 0.2062084260400101]}