{"val_loss": [11.284338405214507, 11.260247105565565, 11.236336116133065, 11.213450346321896, 11.191350266029096, 11.16959861229206, 11.148294731666303, 11.127606168286555, 11.10740965481462, 11.087783011074723, 11.068489949456577, 11.0495048194096, 11.030967390126195, 11.012880437127475, 10.99517656523606, 10.977496482586039, 10.960404034318595, 10.943572537652377, 10.927006793844289, 10.910478236757475, 10.894562616019414, 10.87900938494452, 10.863600895322602, 10.848535024708715, 10.83366162530307, 10.819051347929856, 10.804566909526956, 10.790465644310261, 10.776433510615908, 10.762500703745875, 10.748909529324235, 10.735553787494528, 10.722157452024263, 10.70919989224138, 10.696153930137898, 10.683601635900038, 10.671128253279061, 10.658941499118146], "val_acc": [0.08965517254225139, 0.10689655208382114, 0.13103448291277064, 0.13793103463690856, 0.14137931049897753, 0.15000000015414994, 0.16379310349965917, 0.16379310427040888, 0.17241379392558132, 0.181034482810004, 0.181034482810004, 0.1827586207410385, 0.18448275867207298, 0.18448275867207298, 0.18793103453414192, 0.1913793103962109, 0.19827586212034884, 0.2034482760162189, 0.20517241394725338, 0.2034482760162189, 0.20689655187828787, 0.21034482774035684, 0.21206896567139133, 0.21034482774035684, 0.21034482774035684, 0.21034482774035684, 0.21034482763759021, 0.20517241394725338, 0.20517241394725338, 0.2017241380851844, 0.2034482760162189, 0.2034482760162189, 0.2034482760162189, 0.2034482760162189, 0.2034482760162189, 0.2017241380851844, 0.19655172429208098, 0.1948275863610465], "loss": [11.113933088157411, 11.089272754243455, 11.065530532391444, 11.042448518193394, 11.019878704637751, 10.998030741480836, 10.97688533673001, 10.955670648562142, 10.935097970701726, 10.914816857089136, 10.89512388140558, 10.875782411184826, 10.856691064432825, 10.83799487577045, 10.81951872507731, 10.801532316807016, 10.783723083321288, 10.76611578702398, 10.748967958747768, 10.732124124204152, 10.715330073151515, 10.699018750469154, 10.682889534470247, 10.667082463029747, 10.65140419964956, 10.636010036764546, 10.620733383753876, 10.605782139503948, 10.590973378285073, 10.576457792621847, 10.561956707319329, 10.547782131767415, 10.533697236139336, 10.51978434233514, 10.50633238054432, 10.49269883084632, 10.479456821901218, 10.466232281478351], "acc": [0.07686622316363292, 0.09534368065446726, 0.11751662967320468, 0.14486326677593936, 0.1544715446493666, 0.16703621576714323, 0.17368810042926142, 0.18329637874873234, 0.18847006683823628, 0.19364375455328384, 0.19660014774256607, 0.20029563965043226, 0.20694752395461422, 0.20990391715490986, 0.21433850730778284, 0.21803399883017924, 0.2180339988522061, 0.22172948949352864, 0.22542498097187136, 0.22394678485631414, 0.22616408014200567, 0.22764227629060316, 0.23133776824252303, 0.23133776784603982, 0.22912047334230132, 0.2305986703058921, 0.2328159644241608, 0.23577235840640945, 0.2372505546321009, 0.2365114559135169, 0.23577235762445642, 0.23503325973187916, 0.23355506350618774, 0.23429416103532202, 0.23133776820948276, 0.23207686571659022, 0.23281596444618763, 0.2328159648096306]}