{"val_loss": [0.6914457610059729, 0.6872823641550521, 0.6832244787076664, 0.679261556590896, 0.6754186934119863, 0.6716545473482851], "val_acc": [0.5297516803938428, 0.5527416001909161, 0.5725350402513593, 0.5885173533746585, 0.6032702265220747, 0.6163019325564938], "loss": [0.6923461358193019, 0.6874487900504869, 0.6828420660888717, 0.678340625780561, 0.6739418012339894, 0.6697253015688059], "acc": [0.5240734892691494, 0.5493612171364818, 0.5730123433992762, 0.5934431514560251, 0.6118678087581992, 0.6306620307173099]}