{"val_loss": [0.6902576479418524, 0.6859167616942833, 0.6817058061731273, 0.6776218702053202, 0.6736757282553048, 0.6698030763658984], "val_acc": [0.5211822941385467, 0.5497537041532582, 0.5801724166705691, 0.6048029521415974, 0.6284482400992821, 0.6482758797448257], "loss": [0.694609136953234, 0.6896864697832754, 0.6850031847788155, 0.6804166918583296, 0.6759584065903934, 0.6716677441212837], "acc": [0.501161449852469, 0.5321507887406782, 0.561556348559245, 0.5932319623756127, 0.618836448664852, 0.6424875954566668]}