{"val_loss": [11.196194266288087, 11.174045426504952, 11.152900902621717, 11.132122281086014, 11.111715799354645, 11.092011162828456, 11.072619313422251, 11.05359540502709, 11.035038257014525, 11.016827314117483, 10.998999525060341, 10.981610800436155, 10.964550532080015, 10.947982932532305, 10.931556319205567, 10.915405458919768, 10.89938161787601, 10.88378307454147, 10.868267188999615, 10.853053283363119, 10.838265289332904, 10.82358198280794, 10.80918288271932, 10.794803560293069, 10.780460580901313, 10.766494790371027, 10.752706276570253, 10.739280766341034, 10.726103444517992, 10.713006992963834, 10.699961315949484, 10.687333825943597, 10.674885204860143, 10.662546696227922], "val_acc": [0.08433734911546854, 0.1101549055921026, 0.12736660914043552, 0.1462994834949966, 0.1445783135094864, 0.15662650587021176, 0.1686746986412961, 0.18072289236133562, 0.1876075735344534, 0.19277108513241997, 0.19449225552828917, 0.19277108513241997, 0.2065404474786555, 0.2065404474786555, 0.20998278827039388, 0.20998278827039388, 0.20826161787452468, 0.21170395866626307, 0.21686746985387065, 0.21686746985387065, 0.21170395866626307, 0.21686746985387065, 0.21342512906213226, 0.21170395866626307, 0.20998278827039388, 0.20826161828488368, 0.2065404478890145, 0.2065404478890145, 0.2065404478890145, 0.2065404478890145, 0.2013769367014069, 0.19965576630553772, 0.19965576589517872, 0.20137693629104791], "loss": [11.319466970800384, 11.294384190882917, 11.270037019508289, 11.246640201859005, 11.223826120098872, 11.20117841820671, 11.179386310196769, 11.158097347504812, 11.13709665877856, 11.116568174876729, 11.096588224987585, 11.076781932636269, 11.057622124332898, 11.038592230013716, 11.02025616301137, 11.00202152593349, 10.984097437777523, 10.966426341161847, 10.949224301470004, 10.932191227774046, 10.915305473147193, 10.898711616871362, 10.88236851420829, 10.866398263664838, 10.850710463541485, 10.835043396142705, 10.819617901567344, 10.804469751413011, 10.789531274275346, 10.774894532501829, 10.760520585448496, 10.746043993293666, 10.731966267492009, 10.717935484599291], "acc": [0.07390982998536413, 0.0990391721548368, 0.1263858092685849, 0.14338507052271435, 0.15077605314899706, 0.16112342931699153, 0.1766444940260403, 0.18033998516296687, 0.18107908383749718, 0.18847006640871278, 0.19216555795313603, 0.18994826304190088, 0.1936437545753107, 0.19733924605365338, 0.19733924603162653, 0.20029563965043226, 0.20251293418170432, 0.20694752393258736, 0.20990391671437295, 0.210643015851467, 0.20990391714389642, 0.2121212124516148, 0.2128603107406753, 0.2143385069443399, 0.21581670395198435, 0.21729490015564895, 0.2180339988522061, 0.21507760565191045, 0.21138211412951405, 0.21286030989264174, 0.21286031034419206, 0.21359940863325255, 0.21507760522238695, 0.21581670355550114]}