{"val_loss": [11.086653295056573, 11.064133782222353, 11.042163671296219, 11.020952303656216, 11.000088500976563, 10.979888449044063, 10.960167726977119, 10.940914055396771, 10.922131788319556, 10.903921804756953, 10.88606388486665, 10.868513429575954, 10.851359446295376, 10.834220215369916, 10.817714967398809, 10.801585986696441, 10.785496540727287, 10.76980710522882, 10.754420458037277, 10.739184109918002, 10.72411815380228, 10.709292247377594, 10.694810880463699, 10.680685530037715, 10.666485589126061, 10.652647143396837, 10.638928117423221, 10.625380180621969, 10.612212069281217, 10.599027890172499, 10.585932540893555, 10.57324517348717, 10.560583555287328, 10.548118190107674, 10.535957915207435], "val_acc": [0.06724137933603648, 0.07068965519810545, 0.09655172449761423, 0.11551724173899354, 0.11896551749829588, 0.14137931116696062, 0.14655172496006408, 0.15344827658143537, 0.1620689660310745, 0.1603448283055733, 0.1706896558917802, 0.17413793175384917, 0.17241379372004806, 0.17068965578901357, 0.1706896558917802, 0.17413793165108254, 0.175862069582117, 0.18275862120348832, 0.19827586258279867, 0.20344827647866873, 0.20000000061659978, 0.20172413854763427, 0.19827586278833192, 0.19827586289109855, 0.19482758702902958, 0.19482758702902958, 0.19482758692626295, 0.19482758692626295, 0.19310344899522847, 0.19827586278833192, 0.19827586278833192, 0.19655172485729744, 0.19827586278833192, 0.19827586278833192, 0.19827586278833192], "loss": [11.156471245392815, 11.130533382615951, 11.105455237851704, 11.081132989588792, 11.057492653000205, 11.03435149407792, 11.0118329251861, 10.989981239668458, 10.968687338733885, 10.947748368172318, 10.927359954568958, 10.90727954464142, 10.88765668481346, 10.868626477536852, 10.849654234345543, 10.830974518239541, 10.81286569004665, 10.794975080581745, 10.777195268618295, 10.759695325176185, 10.742684484144888, 10.725826899210611, 10.709074390436752, 10.692588381122327, 10.676661330686176, 10.660638592812369, 10.645010614782814, 10.62936671962583, 10.614076897733227, 10.599000815894104, 10.584065987106966, 10.569292934753237, 10.554861003878552, 10.540366836767767, 10.526253650211354], "acc": [0.043606799676827124, 0.05838876568381203, 0.06504065038447722, 0.07982261639696883, 0.09830007385476289, 0.10643015518310946, 0.12047302284596677, 0.1322985956361359, 0.13895048033680107, 0.1492978565763828, 0.15742793824614548, 0.1566888395771219, 0.1662971174615626, 0.16999260934740196, 0.17368810083675806, 0.17442719875136217, 0.17590539574799322, 0.1759053953074563, 0.17738359234814105, 0.18033998515195346, 0.1810790838485106, 0.18329637833022225, 0.1869918698746455, 0.1914264596530621, 0.19216555832759238, 0.19364375456980398, 0.19364375454227042, 0.1943828528753846, 0.19586104945350558, 0.19955654135035833, 0.19733924642810977, 0.19881744263177437, 0.2002956396284054, 0.19955654096488853, 0.19881744264278778]}