{"val_loss": [0.690911523343774, 0.6863100380987801, 0.681845853948347, 0.6774726700864848, 0.6732202825776066, 0.6691227594259068], "val_acc": [0.5279075403837247, 0.5497910217245762, 0.5731497507497488, 0.5971231738589512, 0.6149495827761862, 0.6313006833785577], "loss": [0.6934901023915496, 0.6884643167191229, 0.6836488317844168, 0.6790189385326016, 0.6745025931863722, 0.6700867950607915], "acc": [0.5139372876548626, 0.5413367144724923, 0.5673107408367081, 0.5924928775559684, 0.6156688772654058, 0.6329321100900372]}