{"val_loss": [0.48284971385166564, 0.4533137144713566, 0.4461191904955897, 0.436868809420487, 0.4424822626442745, 0.45811493478972337, 0.48784597844913086, 0.5019608847026167, 0.5694459088917436], "val_acc": [0.7748768124087103, 0.7982758970096193, 0.8008621043172376, 0.8002463028348725, 0.79729065607334, 0.7975369502758157, 0.7899015253987806, 0.7863300430363622, 0.7818965451470736], "loss": [0.5395401512924513, 0.45756156052031166, 0.4271311253992082, 0.4013421460160131, 0.36680698379356597, 0.33191163797160034, 0.2922224707058951, 0.25228175776408324, 0.20846138954030435], "acc": [0.744799900918384, 0.7904656257615298, 0.8059866995346255, 0.8185513601511034, 0.8349171487032178, 0.8531834481384519, 0.8763066712169407, 0.896367920652109, 0.9170626675915207]}