{"val_loss": [0.4696733000048672, 0.4505012753498123, 0.4359409510063427, 0.4371429110353046, 0.44676292060574646, 0.4571725898478405, 0.4952942735151662, 0.5226130220853112, 0.5618407415440899, 0.6171079133340701], "val_acc": [0.7844848929296878, 0.8005901447877211, 0.8013277533953038, 0.8029260028044656, 0.8014507181878344, 0.7997295111674245, 0.7910007370728839, 0.7925989587828133, 0.7892795800136823, 0.7879272370042981], "loss": [0.5389086436934587, 0.455574263974815, 0.4242038523278585, 0.39639329086474284, 0.3623280926316382, 0.32326902428205506, 0.2844677037736353, 0.24062676285032158, 0.20094747352362208, 0.16254252776867006], "acc": [0.7450638861455304, 0.7906768301285731, 0.8073065179150279, 0.8176539237201434, 0.8357090300660792, 0.8593073913721534, 0.8791574942387217, 0.8994826862130091, 0.919068802839196, 0.9367543781411621]}