{"val_loss": [0.4675015885632953, 0.4343674079276198, 0.421859973320247, 0.4197201816022088, 0.42004370781722866, 0.44364509201911556, 0.46594808844403846, 0.5130974966359426, 0.5343242008591683, 0.6117738457637071, 0.6713808622089392], "val_acc": [0.7866978109806212, 0.8046471383198198, 0.8126382959073669, 0.8132530335920403, 0.816449469625437, 0.8047701190137617, 0.801819496946778, 0.8003442168440958, 0.8009589594530772, 0.7906319013766291, 0.7916154798870447], "loss": [0.5337609476895131, 0.45134393316855365, 0.421080129660242, 0.3927311950582799, 0.36271318929863255, 0.3240605279726182, 0.2894684714206659, 0.24698417209204443, 0.20145023035412793, 0.16217009693450252, 0.12607476190118022], "acc": [0.7406820941218075, 0.7920494281796289, 0.8080456444094645, 0.8199239801408975, 0.8367121125800646, 0.8597297262281994, 0.8752508269621545, 0.8986380250032796, 0.9202830216572713, 0.9360680532561173, 0.9533312822480776]}