{"val_loss": [0.47676777814013205, 0.45055721302656215, 0.43616971824952944, 0.43403513537216515, 0.44201792609876284, 0.4450328257223415, 0.46233480189014836, 0.5111032812607679, 0.5408595019691782], "val_acc": [0.7821490130613264, 0.7957954534975469, 0.8080895490777678, 0.8074747943631958, 0.8036636208503053, 0.8046471633517188, 0.8036636292626649, 0.7966559791934265, 0.7937054205269083], "loss": [0.5357013995437735, 0.45252328567036154, 0.4219586759343116, 0.3938526519342255, 0.3676546306100847, 0.3334078614304705, 0.289807263252388, 0.24388894262528824, 0.19929256817189658], "acc": [0.7407348749819105, 0.7884595028048345, 0.8076233013153781, 0.8235139250314774, 0.8348115527532934, 0.854556054427548, 0.8755147741269114, 0.9007497088431607, 0.9172210425953466]}