{"val_loss": [0.47277619509861385, 0.4461210242633162, 0.43752577058200176, 0.426631289515002, 0.43386355309650815, 0.4601913386377795, 0.48320277970412684, 0.5198918815316825, 0.5666752535721351, 0.6260110230281435], "val_acc": [0.7817733863304401, 0.7969212125087607, 0.8003694883708297, 0.8071428512704784, 0.8060344909799511, 0.8038177568337013, 0.7975369601414122, 0.799384278264539, 0.7990148104470352, 0.7890394667099262], "loss": [0.537758816019835, 0.4591858617614484, 0.4275646096278541, 0.4005138082188848, 0.36911949083616535, 0.33305100291548884, 0.2890620297929224, 0.24092383032935863, 0.1966284461159752, 0.15670927373330326], "acc": [0.7357723253881676, 0.789832120591944, 0.8075704900582279, 0.8174955199492568, 0.8325414582701498, 0.8541337226112067, 0.8768873818257255, 0.902650262238093, 0.9207581435849908, 0.9403442626341307]}